{
  "run_id": "bench-3332455529",
  "rps_summary": {
    "max": 2559.0,
    "min": 151.0,
    "average": 1334.8036605657237,
    "std_dev": 127.67884805053677
  },
  "tps_summary": {
    "max": 1677.0,
    "min": 477.0,
    "average": 1333.3856427378964,
    "std_dev": 115.26790972585063
  },
  "revert_summary": {
    "max": 0.0,
    "min": 0.0,
    "average": 0.0,
    "std_dev": 0.0
  }
}