{
  "run_id": "bench-1677678025",
  "rps_summary": {
    "max": 2314.0,
    "min": 214.0,
    "average": 1107.2738128297694,
    "std_dev": 141.65601880855704
  },
  "tps_summary": {
    "max": 1496.0,
    "min": 125.0,
    "average": 1106.8444444444444,
    "std_dev": 143.5400475369632
  },
  "revert_summary": {
    "max": 0.0,
    "min": 0.0,
    "average": 0.0,
    "std_dev": 0.0
  }
}