{
  "run_id": "bench-1188570922",
  "rps_summary": {
    "max": 2356.0,
    "min": 94.0,
    "average": 1135.2179950013885,
    "std_dev": 107.67759156414704
  },
  "tps_summary": {
    "max": 1498.0,
    "min": 37.0,
    "average": 1134.6586111111112,
    "std_dev": 106.60589861866552
  },
  "revert_summary": {
    "max": 0.0,
    "min": 0.0,
    "average": 0.0,
    "std_dev": 0.0
  }
}