{
  "run_id": "bench-3020545129",
  "rps_summary": {
    "max": 2158.0,
    "min": 197.0,
    "average": 1092.5315190224937,
    "std_dev": 103.93295730765874
  },
  "tps_summary": {
    "max": 1480.0,
    "min": 157.0,
    "average": 1092.2333981661573,
    "std_dev": 102.52949473041909
  },
  "revert_summary": {
    "max": 0.0,
    "min": 0.0,
    "average": 0.0,
    "std_dev": 0.0
  }
}