{
  "run_id": "bench-2104943673",
  "rps_summary": {
    "max": 2153.0,
    "min": 216.0,
    "average": 1304.6505823627288,
    "std_dev": 152.89709557118294
  },
  "tps_summary": {
    "max": 1746.0,
    "min": 63.0,
    "average": 1302.3533333333332,
    "std_dev": 154.67231541408935
  },
  "revert_summary": {
    "max": 0.0,
    "min": 0.0,
    "average": 0.0,
    "std_dev": 0.0
  }
}