{
  "run_id": "bench-918150529",
  "rps_summary": {
    "max": 2265.0,
    "min": 145.0,
    "average": 1201.5367953346292,
    "std_dev": 73.79128264764255
  },
  "tps_summary": {
    "max": 1508.0,
    "min": 34.0,
    "average": 1201.0280555555555,
    "std_dev": 73.53637453364479
  },
  "revert_summary": {
    "max": 0.0,
    "min": 0.0,
    "average": 0.0,
    "std_dev": 0.0
  }
}