{
  "run_id": "bench-540218589",
  "rps_summary": {
    "max": 2348.0,
    "min": 250.0,
    "average": 1250.3687864482088,
    "std_dev": 75.40957728603468
  },
  "tps_summary": {
    "max": 1464.0,
    "min": 28.0,
    "average": 1249.8058333333333,
    "std_dev": 75.57649046109961
  },
  "revert_summary": {
    "max": 0.0,
    "min": 0.0,
    "average": 0.0,
    "std_dev": 0.0
  }
}