{
  "run_id": "bench-2276197718",
  "rps_summary": {
    "max": 2360.0,
    "min": 149.0,
    "average": 1205.326298250486,
    "std_dev": 83.48002203700591
  },
  "tps_summary": {
    "max": 1575.0,
    "min": 209.0,
    "average": 1204.9783333333332,
    "std_dev": 82.53860764986148
  },
  "revert_summary": {
    "max": 0.0,
    "min": 0.0,
    "average": 0.0,
    "std_dev": 0.0
  }
}