{
  "run_id": "bench-3409563203",
  "rps_summary": {
    "max": 2169.0,
    "min": 93.0,
    "average": 1288.467554076539,
    "std_dev": 143.4080643036806
  },
  "tps_summary": {
    "max": 1676.0,
    "min": 61.0,
    "average": 1286.2116666666666,
    "std_dev": 143.78252164486327
  },
  "revert_summary": {
    "max": 0.0,
    "min": 0.0,
    "average": 0.0,
    "std_dev": 0.0
  }
}