{
  "run_id": "bench-1551571515",
  "rps_summary": {
    "max": 2188.0,
    "min": 141.0,
    "average": 1277.9217970049917,
    "std_dev": 148.8649195310536
  },
  "tps_summary": {
    "max": 1709.0,
    "min": 155.0,
    "average": 1276.4040066777964,
    "std_dev": 148.1488120150672
  },
  "revert_summary": {
    "max": 0.0,
    "min": 0.0,
    "average": 0.0,
    "std_dev": 0.0
  }
}