{
  "run_id": "bench-3559769409",
  "rps_summary": {
    "max": 2242.0,
    "min": 223.0,
    "average": 1271.950013885032,
    "std_dev": 71.79240298204985
  },
  "tps_summary": {
    "max": 1461.0,
    "min": 186.0,
    "average": 1271.6218393998333,
    "std_dev": 71.73911226654667
  },
  "revert_summary": {
    "max": 0.0,
    "min": 0.0,
    "average": 0.0,
    "std_dev": 0.0
  }
}