{
  "run_id": "bench-1989751145",
  "rps_summary": {
    "max": 2168.0,
    "min": 57.0,
    "average": 1126.8525409608442,
    "std_dev": 152.4482282220594
  },
  "tps_summary": {
    "max": 1552.0,
    "min": 86.0,
    "average": 1126.4752777777778,
    "std_dev": 154.96139823958504
  },
  "revert_summary": {
    "max": 0.0,
    "min": 0.0,
    "average": 0.0,
    "std_dev": 0.0
  }
}