{
  "run_id": "bench-3473214436",
  "rps_summary": {
    "max": 2410.0,
    "min": 170.0,
    "average": 1253.939461260761,
    "std_dev": 97.94741659876098
  },
  "tps_summary": {
    "max": 1709.0,
    "min": 76.0,
    "average": 1253.4541666666667,
    "std_dev": 97.54129102519151
  },
  "revert_summary": {
    "max": 0.0,
    "min": 0.0,
    "average": 0.0,
    "std_dev": 0.0
  }
}