{
  "run_id": "bench-2765341515",
  "rps_summary": {
    "max": 2173.0,
    "min": 283.0,
    "average": 1092.098028325465,
    "std_dev": 149.8372980381255
  },
  "tps_summary": {
    "max": 1517.0,
    "min": 21.0,
    "average": 1091.5625,
    "std_dev": 150.67839550356175
  },
  "revert_summary": {
    "max": 0.0,
    "min": 0.0,
    "average": 0.0,
    "std_dev": 0.0
  }
}