{
  "run_id": "bench-3068965515",
  "rps_summary": {
    "max": 2181.0,
    "min": 220.0,
    "average": 1113.7311857817274,
    "std_dev": 138.41321746562141
  },
  "tps_summary": {
    "max": 1484.0,
    "min": 8.0,
    "average": 1113.1775,
    "std_dev": 139.22684485070855
  },
  "revert_summary": {
    "max": 0.0,
    "min": 0.0,
    "average": 0.0,
    "std_dev": 0.0
  }
}