{
  "run_id": "bench-3752377383",
  "rps_summary": {
    "max": 2382.0,
    "min": 157.0,
    "average": 1149.221327409053,
    "std_dev": 105.38340969344118
  },
  "tps_summary": {
    "max": 1536.0,
    "min": 323.0,
    "average": 1148.9213670464019,
    "std_dev": 105.2367932193355
  },
  "revert_summary": {
    "max": 0.0,
    "min": 0.0,
    "average": 0.0,
    "std_dev": 0.0
  }
}