{
  "run_id": "bench-2658345818",
  "rps_summary": {
    "max": 2219.0,
    "min": 193.0,
    "average": 1342.2079866888519,
    "std_dev": 127.48546621457129
  },
  "tps_summary": {
    "max": 1693.0,
    "min": 215.0,
    "average": 1340.8848080133555,
    "std_dev": 122.1905587214329
  },
  "revert_summary": {
    "max": 0.0,
    "min": 0.0,
    "average": 0.0,
    "std_dev": 0.0
  }
}