{
  "run_id": "bench-2748229537",
  "rps_summary": {
    "max": 2196.0,
    "min": 128.0,
    "average": 1198.1724520966397,
    "std_dev": 78.50697520689886
  },
  "tps_summary": {
    "max": 1544.0,
    "min": 40.0,
    "average": 1197.706111111111,
    "std_dev": 78.7183147289462
  },
  "revert_summary": {
    "max": 0.0,
    "min": 0.0,
    "average": 0.0,
    "std_dev": 0.0
  }
}