{
  "run_id": "bench-311329613",
  "rps_summary": {
    "max": 2154.0,
    "min": 239.0,
    "average": 1302.2113144758735,
    "std_dev": 149.43116859674558
  },
  "tps_summary": {
    "max": 1689.0,
    "min": 73.0,
    "average": 1300.0716666666667,
    "std_dev": 151.4024874208553
  },
  "revert_summary": {
    "max": 0.0,
    "min": 0.0,
    "average": 0.0,
    "std_dev": 0.0
  }
}